Simulador financeiro | cliente e HUB
,
Células amarelas são premissas editáveis. Valores atuais são exemplos ilustrativos.
,
A. Premissas do cliente,,,,,,B. Valor financeiro atribuído
,
Chave,Premissa,Valor,Unidade,Observação,,Alavanca,Benefício anual,Regra
invest_licenca,Licença anual HUB,600000,R$,Investimento pago à HUB,,Produtividade,=C11*C12*C13*C14,Após fator de atribuição
invest_servicos,Serviços / implementação,250000,R$,Projetos e implantação,,Ciclo de contratação,=C15*C16*C17*C18,Após fator de atribuição
invest_interno,Custo interno do cliente,100000,R$,"Horas, integração e mudança",,Retenção,"=C11*MAX(0,C19-C20)*C21*C22",Após fator de atribuição
pessoas,Pessoas impactadas,500,pessoas,População elegível,,Compras,=C23*C24*C25,Após fator de atribuição
custo_anual,Custo anual carregado por pessoa,120000,R$/ano,Salário + encargos + estrutura,,Risco evitado,=C26*C27*C28,Após fator de atribuição
ganho_prod,Ganho de produtividade,0.02,%,Efeito anual estimado,,Margem incremental,=C29*C30*C31,Após fator de atribuição
attr_prod,Atribuição HUB — produtividade,0.3,%,Parcela sustentada pela evidência
contratacoes,Contratações anuais,100,contratações,Vagas comparáveis
dias_vaga,Dias de vacância reduzidos,8,dias,Delta vs. baseline,,Benefício bruto anual,=SUM(H8:H13)
custo_vaga_dia,Custo diário da vaga,500,R$/dia,Perda/overload por dia,,Investimento total,=C8+C9+C10
attr_vaga,Atribuição HUB — contratação,0.4,%,Parcela sustentada pela evidência,,Benefício líquido,=H16-H17
turnover_base,Turnover baseline,0.18,%,Janela anual,,ROI,"=IFERROR(H18/H17,0)"
turnover_pos,Turnover após intervenção,0.15,%,Mesmo cohort / janela,,Payback,"=IFERROR(H17/(H16/12),0)"
custo_reposicao,Custo de reposição,60000,R$/saída,Recrutamento + ramp-up
attr_retencao,Atribuição HUB — retenção,0.4,%,Parcela sustentada pela evidência
spend,Spend endereçado,10000000,R$,Compras dentro do escopo,,C. Cenários de sensibilidade
saving_rate,Saving comprovado,0.025,%,Vs. referência validada
attr_compras,Atribuição HUB — compras,0.5,%,Parcela sustentada pela evidência,,Cenário,Multiplicador dos benefícios,Benefício bruto,Investimento,ROI,Payback
perda_esperada,Perda esperada baseline,400000,R$,Probabilidade × impacto,,Conservador,0.7,=$H$16*H26,=$H$17,"=IFERROR((I26-J26)/J26,0)","=IFERROR(J26/(I26/12),0)"
reducao_risco,Redução do risco,0.2,%,Delta de perda esperada,,Base,1,=$H$16*H27,=$H$17,"=IFERROR((I27-J27)/J27,0)","=IFERROR(J27/(I27/12),0)"
attr_risco,Atribuição HUB — risco,0.5,%,Parcela sustentada pela evidência,,Ambicioso,1.3,=$H$16*H28,=$H$17,"=IFERROR((I28-J28)/J28,0)","=IFERROR(J28/(I28/12),0)"
pipeline,Receita incremental elegível,2000000,R$,Somente delta incremental
margem_cliente,Margem de contribuição do cliente,0.35,%,Margem aplicada à receita
attr_receita,Atribuição HUB — receita,0.25,%,Parcela sustentada pela evidência
,
,,,,,,D. Unit economics da HUB
,
,,,,,,Premissa,Valor,Unidade,Indicador calculado,Resultado,Fórmula
,,,,,,Clientes ativos,15,clientes,ARPA mensal,"=IFERROR(H37/H36,0)",MRR / clientes
,,,,,,MRR,80000,R$/mês,Receita marketplace,=H39*H40,GMV × take rate
,,,,,,Receita mensal de serviços,20000,R$/mês,Receita mensal total,=H37+H38+K37,MRR + serviços + marketplace
,,,,,,GMV mensal,200000,R$/mês,LTV,"=IFERROR((K36*H41)/H43,0)",ARPA × margem / churn
,,,,,,Take rate,0.08,%,LTV/CAC,"=IFERROR(K39/H42,0)",LTV / CAC
,,,,,,Margem bruta,0.7,%,Payback CAC,"=IFERROR(H42/(K36*H41),0)",CAC / margem mensal por cliente
,,,,,,CAC,35000,R$/cliente
,,,,,,Churn mensal,0.02,%
