HUB | Mapa de inteligência de dados e indicadores
,
Arquitetura-base para provar valor: pessoas → decisões → resultados → impacto financeiro.
,
"Este arquivo organiza a lógica de mensuração da HUB para que cada módulo gere evidências de valor. Ele separa sinais operacionais, resultados de negócio e impacto financeiro; também mostra quais dados precisam se conectar para atribuir lucro, redução de custo, produtividade, retenção, receita e risco evitado."
,
,
,
Como navegar
,
01_Mapa_Visual,Visão em camadas do mapa neural e da cadeia de valor.
02_Nos_de_Dados,Entidades que formam o grafo de inteligência da plataforma.
03_Conexoes,"Relações entre pessoas, empresas, entidades, oportunidades e resultados."
04_Indicadores_Master,"Catálogo central: fórmula, fonte, frequência, alavanca financeira e evidência."
05_Arvore_de_Valor,"Como cada indicador chega a receita, margem, custo, produtividade e risco."
06_Simulador_ROI,Simulador editável com fórmulas financeiras e cenários.
07_Visoes_Dashboard,O que cada público precisa enxergar e decidir.
08_Dicionario_Dados,"Estrutura mínima de tabelas, campos, chaves e sensibilidade."
09_Eventos_Produto,Taxonomia de eventos para instrumentação da plataforma.
10_Integracoes,"Integrações de dados, APIs, chaves e SLAs."
11_Governanca_LGPD,"Qualidade, consentimento, segurança, atribuição e auditoria."
12_Roadmap,Fases para sair de atividade medida até impacto financeiro provado.
13_Matriz_Integracao,Dependências entre módulos e famílias de indicadores.
14_RACI,"Responsabilidade sobre dados, métricas e decisões."
,
,
Princípios que evitam métricas bonitas e decisões erradas
,
,Baseline antes da ação,Nenhum ganho é calculado sem situação inicial e janela de comparação.
,Atividade não é impacto,"Acesso, clique e conclusão são sinais; não substituem produtividade, receita ou custo."
,Atribuição explícita,Todo valor monetizado deve registrar percentual atribuído à HUB e método de evidência.
,Evitar dupla contagem,"Receita influenciada, margem e lucro não podem ser somados como benefícios independentes."
,Cohorts e tempo,Comparar grupos equivalentes e respeitar o intervalo necessário para o resultado aparecer.
,Cortes responsáveis,"Recortes demográficos entram como dimensão analítica, com finalidade, base legal e proteção."
,Valor para cada parte,"Pessoa, empresa, entidade e HUB possuem objetivos distintos e conectados."
,
,
Definições financeiras usadas no arquivo
,
Benefício bruto,Soma dos benefícios monetizados após fator de atribuição e antes do investimento.
Benefício líquido,Benefício bruto menos investimento total do cliente.
ROI,(Benefício bruto − investimento total) ÷ investimento total.
Payback,Meses necessários para que o benefício acumulado cubra o investimento.
Receita influenciada,Receita associada a oportunidades tocadas pela HUB; não equivale automaticamente a receita incremental.
Risco evitado,Redução de perda esperada: probabilidade × impacto × redução do risco × atribuição.
